--
-- PostgreSQL database dump
--

-- Dumped from database version 17.2
-- Dumped by pg_dump version 17.2

SET statement_timeout = 0;
SET lock_timeout = 0;
SET idle_in_transaction_session_timeout = 0;
SET transaction_timeout = 0;
SET client_encoding = 'UTF8';
SET standard_conforming_strings = on;
SELECT pg_catalog.set_config('search_path', '', false);
SET check_function_bodies = false;
SET xmloption = content;
SET client_min_messages = warning;
SET row_security = off;

SET default_tablespace = '';

SET default_table_access_method = heap;

--
-- Name: customer; Type: TABLE; Schema: public; Owner: postgres
--

CREATE TABLE public.customer (
    c_id integer NOT NULL,
    c_name text NOT NULL,
    c_age integer NOT NULL,
    c_email text NOT NULL,
    c_mobile character varying(50),
    eid integer,
    data_id integer
);


ALTER TABLE public.customer OWNER TO postgres;

--
-- Name: dataplan; Type: TABLE; Schema: public; Owner: postgres
--

CREATE TABLE public.dataplan (
    data_id integer NOT NULL,
    data_size character varying(50),
    data_duration integer,
    data_price integer
);


ALTER TABLE public.dataplan OWNER TO postgres;

--
-- Name: department; Type: TABLE; Schema: public; Owner: postgres
--

CREATE TABLE public.department (
    dept_managerid integer NOT NULL,
    dno integer NOT NULL,
    dname text,
    dlocation text,
    pno integer
);


ALTER TABLE public.department OWNER TO postgres;

--
-- Name: project; Type: TABLE; Schema: public; Owner: postgres
--

CREATE TABLE public.project (
    pno integer NOT NULL,
    pname text NOT NULL,
    pduration text NOT NULL,
    project_managerid integer
);


ALTER TABLE public.project OWNER TO postgres;

--
-- Name: staff; Type: TABLE; Schema: public; Owner: postgres
--

CREATE TABLE public.staff (
    staff_id integer NOT NULL,
    staff_name text,
    dept_no integer NOT NULL,
    staff_salary real,
    age integer,
    phone character varying(15)
);


ALTER TABLE public.staff OWNER TO postgres;

--
-- Data for Name: customer; Type: TABLE DATA; Schema: public; Owner: postgres
--

COPY public.customer (c_id, c_name, c_age, c_email, c_mobile, eid, data_id) FROM stdin;
110	Musta Karim	35	mkarim@gmail.com	8055089112	102	5
111	Lilian Jaiya	43	ljaiye@gmail.com	8055185341	100	3
112	Arthur	50	amuas@gmail.com	7055282813	107	10
113	Phillip Akonjo	41	pakonjo@gmail.com	70552823413	100	2
114	Marylene Mapa	33	mmapa@gmail.com	80657823413	120	5
115	Oghenero Agor	50	oagor@gmail.com	9065982615	117	11
116	Adams Bree	33	abree@gmail.com	9065952618	102	1
117	Okafor Mathias	45	omathias@gmail.com	8135942618	120	10
118	Samson Adeleke	65	sadeleke@gmail.com	8135945614	117	11
119	Lawal Tamire	35	ltamire@gmail.com	8135945632	107	5
120	James Job	44	jjob@gmail.com	7035925335	100	8
121	Matthew Jakande	21	mjakande@gmail.com	7034525336	120	2
122	Jimilia Adegboye	20	jadegboye@gmail.com	7037525098	107	5
\.


--
-- Data for Name: dataplan; Type: TABLE DATA; Schema: public; Owner: postgres
--

COPY public.dataplan (data_id, data_size, data_duration, data_price) FROM stdin;
1	350MB	2	200
2	1.8GB	14	500
3	3.9GB	30	1000
4	7.5GB	30	1500
5	9.2GB	30	2000
6	10.8GB	30	2500
7	14GB	30	3000
8	18GB	30	4000
9	24GB	30	5000
10	29.9GB	30	8000
11	50GB	30	10000
\.


--
-- Data for Name: department; Type: TABLE DATA; Schema: public; Owner: postgres
--

COPY public.department (dept_managerid, dno, dname, dlocation, pno) FROM stdin;
108	1	Administration	Ikeja	44
101	2	Account	Egbeda	11
100	3	Packaging	Ajah	44
120	4	Researching	VI	33
97	5	Account	Magodo	22
122	6	Operations	Mile 2	44
107	7	Packaging	Ketu	56
\.


--
-- Data for Name: project; Type: TABLE DATA; Schema: public; Owner: postgres
--

COPY public.project (pno, pname, pduration, project_managerid) FROM stdin;
11	A	9 months	102
22	B	14 MONTHS	97
33	C	16 MONTHS	120
44	D	25 MONTHS	108
55	E	9 MONTHS	107
\.


--
-- Data for Name: staff; Type: TABLE DATA; Schema: public; Owner: postgres
--

COPY public.staff (staff_id, staff_name, dept_no, staff_salary, age, phone) FROM stdin;
100	Mustafa Ali	3	175000	32	08063285831
107	Alokwe Martin	7	380000	48	07090082812
97	Dankade Aminat	5	550000	40	09023688832
108	1	5	120000	30	08053189131
102	Makinde Mary	2	450000	55	09023487830
120	Adeleke Jane	4	200000	38	07061045862
122	Osahon Mark	6	320000	44	08022289842
104	Kuti Lawal	1	800000	35	09145689842
117	Suleman Ajayi	3	750000	50	7030089981
\.


--
-- Name: customer customer_pkey; Type: CONSTRAINT; Schema: public; Owner: postgres
--

ALTER TABLE ONLY public.customer
    ADD CONSTRAINT customer_pkey PRIMARY KEY (c_id);


--
-- Name: dataplan dataplan_pkey; Type: CONSTRAINT; Schema: public; Owner: postgres
--

ALTER TABLE ONLY public.dataplan
    ADD CONSTRAINT dataplan_pkey PRIMARY KEY (data_id);


--
-- Name: department department_pkey; Type: CONSTRAINT; Schema: public; Owner: postgres
--

ALTER TABLE ONLY public.department
    ADD CONSTRAINT department_pkey PRIMARY KEY (dept_managerid);


--
-- Name: staff employees_pkey; Type: CONSTRAINT; Schema: public; Owner: postgres
--

ALTER TABLE ONLY public.staff
    ADD CONSTRAINT employees_pkey PRIMARY KEY (staff_id);


--
-- Name: project project_pkey; Type: CONSTRAINT; Schema: public; Owner: postgres
--

ALTER TABLE ONLY public.project
    ADD CONSTRAINT project_pkey PRIMARY KEY (pno);


--
-- PostgreSQL database dump complete
--

